{ "frames": {
   "fly-eye #Idle 0.aseprite": {
    "frame": { "x": 0, "y": 0, "w": 48, "h": 48 },
    "rotated": false,
    "trimmed": false,
    "spriteSourceSize": { "x": 0, "y": 0, "w": 48, "h": 48 },
    "sourceSize": { "w": 48, "h": 48 },
    "duration": 100
   },
   "fly-eye #Idle 1.aseprite": {
    "frame": { "x": 48, "y": 0, "w": 48, "h": 48 },
    "rotated": false,
    "trimmed": false,
    "spriteSourceSize": { "x": 0, "y": 0, "w": 48, "h": 48 },
    "sourceSize": { "w": 48, "h": 48 },
    "duration": 100
   },
   "fly-eye #Idle 2.aseprite": {
    "frame": { "x": 96, "y": 0, "w": 48, "h": 48 },
    "rotated": false,
    "trimmed": false,
    "spriteSourceSize": { "x": 0, "y": 0, "w": 48, "h": 48 },
    "sourceSize": { "w": 48, "h": 48 },
    "duration": 100
   },
   "fly-eye #Idle 3.aseprite": {
    "frame": { "x": 144, "y": 0, "w": 48, "h": 48 },
    "rotated": false,
    "trimmed": false,
    "spriteSourceSize": { "x": 0, "y": 0, "w": 48, "h": 48 },
    "sourceSize": { "w": 48, "h": 48 },
    "duration": 100
   }
 },
 "meta": {
  "app": "https://www.aseprite.org/",
  "version": "1.2.40-x64",
  "image": "fly-eye.png",
  "format": "RGBA8888",
  "size": { "w": 192, "h": 48 },
  "scale": "1",
  "frameTags": [
   { "name": "Idle", "from": 0, "to": 3, "direction": "forward" }
  ],
  "layers": [
   { "name": "", "opacity": 255, "blendMode": "normal" }
  ],
  "slices": [
  ]
 }
}
