{ "frames": {
   "player #Climb 0.aseprite": {
    "frame": { "x": 0, "y": 0, "w": 40, "h": 38 },
    "rotated": false,
    "trimmed": false,
    "spriteSourceSize": { "x": 0, "y": 0, "w": 40, "h": 38 },
    "sourceSize": { "w": 40, "h": 38 },
    "duration": 200
   },
   "player #Climb 1.aseprite": {
    "frame": { "x": 40, "y": 0, "w": 40, "h": 38 },
    "rotated": false,
    "trimmed": false,
    "spriteSourceSize": { "x": 0, "y": 0, "w": 40, "h": 38 },
    "sourceSize": { "w": 40, "h": 38 },
    "duration": 200
   },
   "player #Climb 2.aseprite": {
    "frame": { "x": 80, "y": 0, "w": 40, "h": 38 },
    "rotated": false,
    "trimmed": false,
    "spriteSourceSize": { "x": 0, "y": 0, "w": 40, "h": 38 },
    "sourceSize": { "w": 40, "h": 38 },
    "duration": 200
   },
   "player #Climb 3.aseprite": {
    "frame": { "x": 120, "y": 0, "w": 40, "h": 38 },
    "rotated": false,
    "trimmed": false,
    "spriteSourceSize": { "x": 0, "y": 0, "w": 40, "h": 38 },
    "sourceSize": { "w": 40, "h": 38 },
    "duration": 200
   },
   "player #Slide 0.aseprite": {
    "frame": { "x": 0, "y": 38, "w": 40, "h": 38 },
    "rotated": false,
    "trimmed": false,
    "spriteSourceSize": { "x": 0, "y": 0, "w": 40, "h": 38 },
    "sourceSize": { "w": 40, "h": 38 },
    "duration": 500
   },
   "player #JumpRise 0.aseprite": {
    "frame": { "x": 0, "y": 76, "w": 40, "h": 38 },
    "rotated": false,
    "trimmed": false,
    "spriteSourceSize": { "x": 0, "y": 0, "w": 40, "h": 38 },
    "sourceSize": { "w": 40, "h": 38 },
    "duration": 300
   },
   "player #Fall 0.aseprite": {
    "frame": { "x": 0, "y": 114, "w": 40, "h": 38 },
    "rotated": false,
    "trimmed": false,
    "spriteSourceSize": { "x": 0, "y": 0, "w": 40, "h": 38 },
    "sourceSize": { "w": 40, "h": 38 },
    "duration": 100
   },
   "player #Hurt 0.aseprite": {
    "frame": { "x": 0, "y": 152, "w": 40, "h": 38 },
    "rotated": false,
    "trimmed": false,
    "spriteSourceSize": { "x": 0, "y": 0, "w": 40, "h": 38 },
    "sourceSize": { "w": 40, "h": 38 },
    "duration": 100
   },
   "player #Hurt 1.aseprite": {
    "frame": { "x": 40, "y": 152, "w": 40, "h": 38 },
    "rotated": false,
    "trimmed": false,
    "spriteSourceSize": { "x": 0, "y": 0, "w": 40, "h": 38 },
    "sourceSize": { "w": 40, "h": 38 },
    "duration": 500
   },
   "player #Idle 0.aseprite": {
    "frame": { "x": 0, "y": 190, "w": 40, "h": 38 },
    "rotated": false,
    "trimmed": false,
    "spriteSourceSize": { "x": 0, "y": 0, "w": 40, "h": 38 },
    "sourceSize": { "w": 40, "h": 38 },
    "duration": 100
   },
   "player #Idle 1.aseprite": {
    "frame": { "x": 40, "y": 190, "w": 40, "h": 38 },
    "rotated": false,
    "trimmed": false,
    "spriteSourceSize": { "x": 0, "y": 0, "w": 40, "h": 38 },
    "sourceSize": { "w": 40, "h": 38 },
    "duration": 100
   },
   "player #Idle 2.aseprite": {
    "frame": { "x": 80, "y": 190, "w": 40, "h": 38 },
    "rotated": false,
    "trimmed": false,
    "spriteSourceSize": { "x": 0, "y": 0, "w": 40, "h": 38 },
    "sourceSize": { "w": 40, "h": 38 },
    "duration": 100
   },
   "player #Idle 3.aseprite": {
    "frame": { "x": 120, "y": 190, "w": 40, "h": 38 },
    "rotated": false,
    "trimmed": false,
    "spriteSourceSize": { "x": 0, "y": 0, "w": 40, "h": 38 },
    "sourceSize": { "w": 40, "h": 38 },
    "duration": 100
   },
   "player #Idle 4.aseprite": {
    "frame": { "x": 160, "y": 190, "w": 40, "h": 38 },
    "rotated": false,
    "trimmed": false,
    "spriteSourceSize": { "x": 0, "y": 0, "w": 40, "h": 38 },
    "sourceSize": { "w": 40, "h": 38 },
    "duration": 100
   },
   "player #Idle 5.aseprite": {
    "frame": { "x": 200, "y": 190, "w": 40, "h": 38 },
    "rotated": false,
    "trimmed": false,
    "spriteSourceSize": { "x": 0, "y": 0, "w": 40, "h": 38 },
    "sourceSize": { "w": 40, "h": 38 },
    "duration": 100
   },
   "player #Run 0.aseprite": {
    "frame": { "x": 0, "y": 228, "w": 40, "h": 38 },
    "rotated": false,
    "trimmed": false,
    "spriteSourceSize": { "x": 0, "y": 0, "w": 40, "h": 38 },
    "sourceSize": { "w": 40, "h": 38 },
    "duration": 100
   },
   "player #Run 1.aseprite": {
    "frame": { "x": 40, "y": 228, "w": 40, "h": 38 },
    "rotated": false,
    "trimmed": false,
    "spriteSourceSize": { "x": 0, "y": 0, "w": 40, "h": 38 },
    "sourceSize": { "w": 40, "h": 38 },
    "duration": 100
   },
   "player #Run 2.aseprite": {
    "frame": { "x": 80, "y": 228, "w": 40, "h": 38 },
    "rotated": false,
    "trimmed": false,
    "spriteSourceSize": { "x": 0, "y": 0, "w": 40, "h": 38 },
    "sourceSize": { "w": 40, "h": 38 },
    "duration": 100
   },
   "player #Run 3.aseprite": {
    "frame": { "x": 120, "y": 228, "w": 40, "h": 38 },
    "rotated": false,
    "trimmed": false,
    "spriteSourceSize": { "x": 0, "y": 0, "w": 40, "h": 38 },
    "sourceSize": { "w": 40, "h": 38 },
    "duration": 100
   },
   "player #Run 4.aseprite": {
    "frame": { "x": 160, "y": 228, "w": 40, "h": 38 },
    "rotated": false,
    "trimmed": false,
    "spriteSourceSize": { "x": 0, "y": 0, "w": 40, "h": 38 },
    "sourceSize": { "w": 40, "h": 38 },
    "duration": 100
   },
   "player #Run 5.aseprite": {
    "frame": { "x": 200, "y": 228, "w": 40, "h": 38 },
    "rotated": false,
    "trimmed": false,
    "spriteSourceSize": { "x": 0, "y": 0, "w": 40, "h": 38 },
    "sourceSize": { "w": 40, "h": 38 },
    "duration": 100
   },
   "player #Idle_Shoot 0.aseprite": {
    "frame": { "x": 0, "y": 266, "w": 40, "h": 38 },
    "rotated": false,
    "trimmed": false,
    "spriteSourceSize": { "x": 0, "y": 0, "w": 40, "h": 38 },
    "sourceSize": { "w": 40, "h": 38 },
    "duration": 300
   },
   "player #Idle_Shoot 1.aseprite": {
    "frame": { "x": 40, "y": 266, "w": 40, "h": 38 },
    "rotated": false,
    "trimmed": false,
    "spriteSourceSize": { "x": 0, "y": 0, "w": 40, "h": 38 },
    "sourceSize": { "w": 40, "h": 38 },
    "duration": 300
   },
   "player #Idle_Shoot 2.aseprite": {
    "frame": { "x": 80, "y": 266, "w": 40, "h": 38 },
    "rotated": false,
    "trimmed": false,
    "spriteSourceSize": { "x": 0, "y": 0, "w": 40, "h": 38 },
    "sourceSize": { "w": 40, "h": 38 },
    "duration": 300
   },
   "player #Run_Shoot 0.aseprite": {
    "frame": { "x": 0, "y": 304, "w": 40, "h": 38 },
    "rotated": false,
    "trimmed": false,
    "spriteSourceSize": { "x": 0, "y": 0, "w": 40, "h": 38 },
    "sourceSize": { "w": 40, "h": 38 },
    "duration": 100
   },
   "player #Run_Shoot 1.aseprite": {
    "frame": { "x": 40, "y": 304, "w": 40, "h": 38 },
    "rotated": false,
    "trimmed": false,
    "spriteSourceSize": { "x": 0, "y": 0, "w": 40, "h": 38 },
    "sourceSize": { "w": 40, "h": 38 },
    "duration": 100
   },
   "player #Run_Shoot 2.aseprite": {
    "frame": { "x": 80, "y": 304, "w": 40, "h": 38 },
    "rotated": false,
    "trimmed": false,
    "spriteSourceSize": { "x": 0, "y": 0, "w": 40, "h": 38 },
    "sourceSize": { "w": 40, "h": 38 },
    "duration": 100
   },
   "player #Run_Shoot 3.aseprite": {
    "frame": { "x": 120, "y": 304, "w": 40, "h": 38 },
    "rotated": false,
    "trimmed": false,
    "spriteSourceSize": { "x": 0, "y": 0, "w": 40, "h": 38 },
    "sourceSize": { "w": 40, "h": 38 },
    "duration": 100
   },
   "player #Run_Shoot 4.aseprite": {
    "frame": { "x": 160, "y": 304, "w": 40, "h": 38 },
    "rotated": false,
    "trimmed": false,
    "spriteSourceSize": { "x": 0, "y": 0, "w": 40, "h": 38 },
    "sourceSize": { "w": 40, "h": 38 },
    "duration": 100
   },
   "player #Run_Shoot 5.aseprite": {
    "frame": { "x": 200, "y": 304, "w": 40, "h": 38 },
    "rotated": false,
    "trimmed": false,
    "spriteSourceSize": { "x": 0, "y": 0, "w": 40, "h": 38 },
    "sourceSize": { "w": 40, "h": 38 },
    "duration": 100
   },
   "player #JumpRise_Shoot 0.aseprite": {
    "frame": { "x": 0, "y": 342, "w": 40, "h": 38 },
    "rotated": false,
    "trimmed": false,
    "spriteSourceSize": { "x": 0, "y": 0, "w": 40, "h": 38 },
    "sourceSize": { "w": 40, "h": 38 },
    "duration": 300
   },
   "player #Fall_Shoot 0.aseprite": {
    "frame": { "x": 0, "y": 380, "w": 40, "h": 38 },
    "rotated": false,
    "trimmed": false,
    "spriteSourceSize": { "x": 0, "y": 0, "w": 40, "h": 38 },
    "sourceSize": { "w": 40, "h": 38 },
    "duration": 100
   },
   "player #Climb_Shoot 0.aseprite": {
    "frame": { "x": 0, "y": 418, "w": 40, "h": 38 },
    "rotated": false,
    "trimmed": false,
    "spriteSourceSize": { "x": 0, "y": 0, "w": 40, "h": 38 },
    "sourceSize": { "w": 40, "h": 38 },
    "duration": 200
   },
   "player #WallSlide 0.aseprite": {
    "frame": { "x": 0, "y": 456, "w": 40, "h": 38 },
    "rotated": false,
    "trimmed": false,
    "spriteSourceSize": { "x": 0, "y": 0, "w": 40, "h": 38 },
    "sourceSize": { "w": 40, "h": 38 },
    "duration": 500
   },
   "player #WallSlide_Shoot 0.aseprite": {
    "frame": { "x": 0, "y": 494, "w": 40, "h": 38 },
    "rotated": false,
    "trimmed": false,
    "spriteSourceSize": { "x": 0, "y": 0, "w": 40, "h": 38 },
    "sourceSize": { "w": 40, "h": 38 },
    "duration": 500
   }
 },
 "meta": {
  "app": "https://www.aseprite.org/",
  "version": "1.3.1-x64",
  "image": "player.png",
  "format": "RGBA8888",
  "size": { "w": 240, "h": 532 },
  "scale": "1",
  "frameTags": [
   { "name": "Climb", "from": 0, "to": 3, "direction": "forward", "color": "#000000ff" },
   { "name": "Slide", "from": 4, "to": 4, "direction": "forward", "color": "#000000ff" },
   { "name": "JumpRise", "from": 5, "to": 5, "direction": "forward", "color": "#000000ff" },
   { "name": "Fall", "from": 6, "to": 6, "direction": "forward", "color": "#000000ff" },
   { "name": "Hurt", "from": 7, "to": 8, "direction": "forward", "color": "#000000ff" },
   { "name": "Idle", "from": 9, "to": 14, "direction": "forward", "color": "#000000ff" },
   { "name": "Run", "from": 15, "to": 20, "direction": "forward", "color": "#000000ff" },
   { "name": "Idle_Shoot", "from": 21, "to": 23, "direction": "forward", "color": "#000000ff" },
   { "name": "Run_Shoot", "from": 24, "to": 29, "direction": "forward", "color": "#000000ff" },
   { "name": "JumpRise_Shoot", "from": 30, "to": 30, "direction": "forward", "color": "#000000ff" },
   { "name": "Fall_Shoot", "from": 31, "to": 31, "direction": "forward", "color": "#000000ff" },
   { "name": "Climb_Shoot", "from": 32, "to": 32, "direction": "forward", "color": "#000000ff" },
   { "name": "WallSlide", "from": 33, "to": 33, "direction": "forward", "color": "#000000ff" },
   { "name": "WallSlide_Shoot", "from": 34, "to": 34, "direction": "forward", "color": "#000000ff" }
  ],
  "layers": [
   { "name": "", "opacity": 255, "blendMode": "normal" }
  ],
  "slices": [
  ]
 }
}
