{ "frames": {
   "crab #Walk 0.ase": {
    "frame": { "x": 0, "y": 0, "w": 48, "h": 32 },
    "rotated": false,
    "trimmed": false,
    "spriteSourceSize": { "x": 0, "y": 0, "w": 48, "h": 32 },
    "sourceSize": { "w": 48, "h": 32 },
    "duration": 120
   },
   "crab #Walk 1.ase": {
    "frame": { "x": 48, "y": 0, "w": 48, "h": 32 },
    "rotated": false,
    "trimmed": false,
    "spriteSourceSize": { "x": 0, "y": 0, "w": 48, "h": 32 },
    "sourceSize": { "w": 48, "h": 32 },
    "duration": 120
   },
   "crab #Walk 2.ase": {
    "frame": { "x": 96, "y": 0, "w": 48, "h": 32 },
    "rotated": false,
    "trimmed": false,
    "spriteSourceSize": { "x": 0, "y": 0, "w": 48, "h": 32 },
    "sourceSize": { "w": 48, "h": 32 },
    "duration": 120
   },
   "crab #Walk 3.ase": {
    "frame": { "x": 144, "y": 0, "w": 48, "h": 32 },
    "rotated": false,
    "trimmed": false,
    "spriteSourceSize": { "x": 0, "y": 0, "w": 48, "h": 32 },
    "sourceSize": { "w": 48, "h": 32 },
    "duration": 120
   },
   "crab #Walk 4.ase": {
    "frame": { "x": 192, "y": 0, "w": 48, "h": 32 },
    "rotated": false,
    "trimmed": false,
    "spriteSourceSize": { "x": 0, "y": 0, "w": 48, "h": 32 },
    "sourceSize": { "w": 48, "h": 32 },
    "duration": 120
   },
   "crab #Walk 5.ase": {
    "frame": { "x": 240, "y": 0, "w": 48, "h": 32 },
    "rotated": false,
    "trimmed": false,
    "spriteSourceSize": { "x": 0, "y": 0, "w": 48, "h": 32 },
    "sourceSize": { "w": 48, "h": 32 },
    "duration": 120
   },
   "crab #Idle 0.ase": {
    "frame": { "x": 0, "y": 32, "w": 48, "h": 32 },
    "rotated": false,
    "trimmed": false,
    "spriteSourceSize": { "x": 0, "y": 0, "w": 48, "h": 32 },
    "sourceSize": { "w": 48, "h": 32 },
    "duration": 120
   },
   "crab #Idle 1.ase": {
    "frame": { "x": 48, "y": 32, "w": 48, "h": 32 },
    "rotated": false,
    "trimmed": false,
    "spriteSourceSize": { "x": 0, "y": 0, "w": 48, "h": 32 },
    "sourceSize": { "w": 48, "h": 32 },
    "duration": 120
   },
   "crab #Idle 2.ase": {
    "frame": { "x": 96, "y": 32, "w": 48, "h": 32 },
    "rotated": false,
    "trimmed": false,
    "spriteSourceSize": { "x": 0, "y": 0, "w": 48, "h": 32 },
    "sourceSize": { "w": 48, "h": 32 },
    "duration": 120
   },
   "crab #Idle 3.ase": {
    "frame": { "x": 144, "y": 32, "w": 48, "h": 32 },
    "rotated": false,
    "trimmed": false,
    "spriteSourceSize": { "x": 0, "y": 0, "w": 48, "h": 32 },
    "sourceSize": { "w": 48, "h": 32 },
    "duration": 120
   }
 },
 "meta": {
  "app": "https://www.aseprite.org/",
  "version": "1.2.40-x64",
  "image": "crab.png",
  "format": "RGBA8888",
  "size": { "w": 288, "h": 64 },
  "scale": "1",
  "frameTags": [
   { "name": "Walk", "from": 0, "to": 5, "direction": "forward" },
   { "name": "Idle", "from": 6, "to": 9, "direction": "forward" }
  ],
  "layers": [
   { "name": "", "opacity": 255, "blendMode": "normal" }
  ],
  "slices": [
  ]
 }
}
