{ "frames": {
   "player-shoot-charge 0.aseprite": {
    "frame": { "x": 0, "y": 0, "w": 32, "h": 32 },
    "rotated": false,
    "trimmed": false,
    "spriteSourceSize": { "x": 0, "y": 0, "w": 32, "h": 32 },
    "sourceSize": { "w": 32, "h": 32 },
    "duration": 100
   },
   "player-shoot-charge 1.aseprite": {
    "frame": { "x": 32, "y": 0, "w": 32, "h": 32 },
    "rotated": false,
    "trimmed": false,
    "spriteSourceSize": { "x": 0, "y": 0, "w": 32, "h": 32 },
    "sourceSize": { "w": 32, "h": 32 },
    "duration": 100
   },
   "player-shoot-charge 2.aseprite": {
    "frame": { "x": 64, "y": 0, "w": 32, "h": 32 },
    "rotated": false,
    "trimmed": false,
    "spriteSourceSize": { "x": 0, "y": 0, "w": 32, "h": 32 },
    "sourceSize": { "w": 32, "h": 32 },
    "duration": 100
   },
   "player-shoot-charge 3.aseprite": {
    "frame": { "x": 96, "y": 0, "w": 32, "h": 32 },
    "rotated": false,
    "trimmed": false,
    "spriteSourceSize": { "x": 0, "y": 0, "w": 32, "h": 32 },
    "sourceSize": { "w": 32, "h": 32 },
    "duration": 100
   }
 },
 "meta": {
  "app": "https://www.aseprite.org/",
  "version": "1.3.1-x64",
  "image": "player-shoot-charge.png",
  "format": "RGBA8888",
  "size": { "w": 128, "h": 32 },
  "scale": "1",
  "frameTags": [
   { "name": "Loop", "from": 0, "to": 3, "direction": "forward", "color": "#000000ff" }
  ],
  "layers": [
   { "name": "", "opacity": 255, "blendMode": "normal" }
  ],
  "slices": [
  ]
 }
}
