{ "frames": {
   "bat #Idle 0.ase": {
    "frame": { "x": 0, "y": 0, "w": 48, "h": 48 },
    "rotated": false,
    "trimmed": false,
    "spriteSourceSize": { "x": 0, "y": 0, "w": 48, "h": 48 },
    "sourceSize": { "w": 48, "h": 48 },
    "duration": 100
   },
   "bat #Idle 1.ase": {
    "frame": { "x": 48, "y": 0, "w": 48, "h": 48 },
    "rotated": false,
    "trimmed": false,
    "spriteSourceSize": { "x": 0, "y": 0, "w": 48, "h": 48 },
    "sourceSize": { "w": 48, "h": 48 },
    "duration": 100
   },
   "bat #Idle 2.ase": {
    "frame": { "x": 96, "y": 0, "w": 48, "h": 48 },
    "rotated": false,
    "trimmed": false,
    "spriteSourceSize": { "x": 0, "y": 0, "w": 48, "h": 48 },
    "sourceSize": { "w": 48, "h": 48 },
    "duration": 100
   },
   "bat #Idle 3.ase": {
    "frame": { "x": 144, "y": 0, "w": 48, "h": 48 },
    "rotated": false,
    "trimmed": false,
    "spriteSourceSize": { "x": 0, "y": 0, "w": 48, "h": 48 },
    "sourceSize": { "w": 48, "h": 48 },
    "duration": 100
   },
   "bat #Idle 4.ase": {
    "frame": { "x": 192, "y": 0, "w": 48, "h": 48 },
    "rotated": false,
    "trimmed": false,
    "spriteSourceSize": { "x": 0, "y": 0, "w": 48, "h": 48 },
    "sourceSize": { "w": 48, "h": 48 },
    "duration": 100
   }
 },
 "meta": {
  "app": "https://www.aseprite.org/",
  "version": "1.2.40-x64",
  "image": "bat.png",
  "format": "RGBA8888",
  "size": { "w": 240, "h": 48 },
  "scale": "1",
  "frameTags": [
   { "name": "Idle", "from": 0, "to": 4, "direction": "forward" }
  ],
  "layers": [
   { "name": "", "opacity": 255, "blendMode": "normal" }
  ],
  "slices": [
  ]
 }
}
