{ "frames": {
   "lizard #Idle 0.aseprite": {
    "frame": { "x": 0, "y": 0, "w": 32, "h": 32 },
    "rotated": false,
    "trimmed": false,
    "spriteSourceSize": { "x": 0, "y": 0, "w": 32, "h": 32 },
    "sourceSize": { "w": 32, "h": 32 },
    "duration": 100
   },
   "lizard #Idle 1.aseprite": {
    "frame": { "x": 32, "y": 0, "w": 32, "h": 32 },
    "rotated": false,
    "trimmed": false,
    "spriteSourceSize": { "x": 0, "y": 0, "w": 32, "h": 32 },
    "sourceSize": { "w": 32, "h": 32 },
    "duration": 100
   },
   "lizard #Jump 0.aseprite": {
    "frame": { "x": 0, "y": 32, "w": 32, "h": 32 },
    "rotated": false,
    "trimmed": false,
    "spriteSourceSize": { "x": 0, "y": 0, "w": 32, "h": 32 },
    "sourceSize": { "w": 32, "h": 32 },
    "duration": 100
   },
   "lizard #Shoot 0.aseprite": {
    "frame": { "x": 0, "y": 64, "w": 32, "h": 32 },
    "rotated": false,
    "trimmed": false,
    "spriteSourceSize": { "x": 0, "y": 0, "w": 32, "h": 32 },
    "sourceSize": { "w": 32, "h": 32 },
    "duration": 100
   },
   "lizard #Shoot 1.aseprite": {
    "frame": { "x": 32, "y": 64, "w": 32, "h": 32 },
    "rotated": false,
    "trimmed": false,
    "spriteSourceSize": { "x": 0, "y": 0, "w": 32, "h": 32 },
    "sourceSize": { "w": 32, "h": 32 },
    "duration": 100
   },
   "lizard #Shoot 2.aseprite": {
    "frame": { "x": 64, "y": 64, "w": 32, "h": 32 },
    "rotated": false,
    "trimmed": false,
    "spriteSourceSize": { "x": 0, "y": 0, "w": 32, "h": 32 },
    "sourceSize": { "w": 32, "h": 32 },
    "duration": 100
   },
   "lizard #Shoot 3.aseprite": {
    "frame": { "x": 96, "y": 64, "w": 32, "h": 32 },
    "rotated": false,
    "trimmed": false,
    "spriteSourceSize": { "x": 0, "y": 0, "w": 32, "h": 32 },
    "sourceSize": { "w": 32, "h": 32 },
    "duration": 100
   },
   "lizard #Shoot 4.aseprite": {
    "frame": { "x": 128, "y": 64, "w": 32, "h": 32 },
    "rotated": false,
    "trimmed": false,
    "spriteSourceSize": { "x": 0, "y": 0, "w": 32, "h": 32 },
    "sourceSize": { "w": 32, "h": 32 },
    "duration": 500
   }
 },
 "meta": {
  "app": "https://www.aseprite.org/",
  "version": "1.2.40-x64",
  "image": "lizard.png",
  "format": "RGBA8888",
  "size": { "w": 160, "h": 96 },
  "scale": "1",
  "frameTags": [
   { "name": "Idle", "from": 0, "to": 1, "direction": "forward" },
   { "name": "Jump", "from": 2, "to": 2, "direction": "forward" },
   { "name": "Shoot", "from": 3, "to": 7, "direction": "forward" }
  ],
  "layers": [
   { "name": "", "opacity": 255, "blendMode": "normal" }
  ],
  "slices": [
  ]
 }
}
